Fold,Accuracy
1,0.8123667377398721
2,0.8024164889836531
3,0.7795163584637269
4,0.810099573257468
5,0.7887624466571835
