Model,RMSE,R² Score
Linear Regression,698.9860550747735,0.1449793715529205
Decision Tree,857.4109857897972,-0.28652330299895357
Random Forest,794.6854704100571,-0.10517261496469499
