Cluster,Recency,Frequency,Monetary,CustomerCount
0,72.60714285714286,8.407142857142857,3199.0655421428573,280
1,569.5742574257425,3.5544554455445545,1325.0051356435642,101
2,103.5907780979827,4.63400576368876,1714.4604184438042,347
3,123.46153846153847,7.984615384615385,9288.033184615384,65
